patch_start_s,context_end_s,contains_padding,dog_bark,siren,car_horn,dog_bark_ema,siren_ema,car_horn_ema
0.00,0.975,0,0.0,0.0,0.0,0.0,0.0,0.0
0.48,1.455,0,0.0,0.0,0.0,0.0,0.0,0.0
0.96,1.935,0,0.0,0.0,0.0,0.0,0.0,0.0
1.44,2.415,0,0.0,0.0,0.0,0.0,0.0,0.0
1.92,2.895,0,0.0,0.0,0.0,0.0,0.0,0.0
2.40,3.375,0,0.0,0.0,0.0,0.0,0.0,0.0
2.88,3.855,0,0.0,0.0,0.0,0.0,0.0,0.0
3.36,4.335,0,0.0,0.0,0.0,0.0,0.0,0.0
3.84,4.815,0,0.0,0.0,0.0,0.0,0.0,0.0
4.32,5.295,0,0.0,0.0,0.0,0.0,0.0,0.0
4.80,5.775,0,0.0,0.0,0.0,0.0,0.0,0.0
5.28,6.255,0,0.0,0.0,0.0,0.0,0.0,0.0
5.76,6.735,0,0.0,0.0,0.0,0.0,0.0,0.0
6.24,7.215,0,0.0,0.0,0.0,0.0,0.0,0.0
6.72,7.695,0,0.0,0.0,0.0,0.0,0.0,0.0
7.20,8.175,1,0.0,0.0,0.0,0.0,0.0,0.0
7.68,8.655,1,0.0,0.0,0.0,0.0,0.0,0.0
